Gene,Resting_0hr,Resting_12hr,Resting_24hr,Stim_0hr,Stim_12hr,Stim_24hr
IL2RA,9.3904255874518,10.5834612240372,15.607837555236,7.32803301213056,10.9362567017201,11.7431852776601
TGFB,9.81939834806432,13.217905837405,10.5453779250756,4.80441532885168,6.84924015707368,4.51271433597915
CTLA4,10.6532469236749,11.8019373075938,13.2088281450307,5.47456260467791,8.25524774698189,11.9903955742292
